Workbook

Sheet Instructions
A1: Diagnostic-Quality Rubric Worksheet
A3: Purpose
A4: Score the three worked-example diagnostics from the notebook's Section 9 on five criteria,
A5: each on a 1-5 Likert scale. Per-diagnostic totals (max 25) and overall mean are computed
A6: automatically in the Summary sheet. The scores feed Section 6.5 of the final paper as a
A7: quantitative complement to the qualitative discussion already present.
A9: How to use
A10: 1. Open the Scoring sheet.
A11: 2. For each of the three diagnostics, read the diagnostic text in the row, then assign a
A12: score 1-5 in each of the five score columns. Cells have data validation; only 1-5 is accepted.
A13: 3. Add free-text notes in the notes column when a score below 4 needs a one-line justification.
A14: 4. Save the file. The notebook will load it and the Summary sheet will be regenerated.
... A42: scoring honestly here will reflect that caveat in the numbers, which is the intended outcome.

Sheet Scoring
A1: IDENTITY | C1: EVIDENCE (read-only) | F1: SCORES 1-5 - EDIT THESE | K1: NOTES
A2: diagnostic_id | B2: config | C2: heuristic_labels | D2: retrieved | E2: diagnostic_text | F2: factual_accuracy | G2: completeness | H2: actionability | I2: terminology | J2: conciseness | K2: notes
A3: unitcal_7 | B3: branching_heavy | C3: excessive_branching, ineffective_cuts | D3: excessive_branching (0.658), excessive_branching (0.621), ineffective_cuts (0.479) | E3: The SOLVER RUN of the problem unitcal_7 appears to be experiencing significant performance issues, with the solver timing out at 3601 seconds and 0.1% gap remaining. The detected bottleneck is excessive_branching, which is indicated by a high node count (2,669,926) relative to the number of variables (25,755). This suggests that the branch-and-bound tree is exploding due to poor variable selection, and the LP relaxation is loose, leading to a significant gap. To address this, I recommend enabling strong branching, using pseudocost branching, adding symmetry-breaking constraints, or increasing cut aggressiveness to tighten the relaxation before branching. Additionally, the ineffective_cuts rule suggests that the cutting plane behavior is weak, which may be contributing to the excessive_branching issue. By strengthening the formulation upstream, we can help to improve the LP bound and reduce the gap, thereby improving the solver's performance. | F3: 4 | G3: 5 | H3: 4 | I3: 5 | J3: 3 | K3: The phrase "leading to a significant gap" misrepresents the run since the actual gap is only 0.1% (the timeout is the real issue, not gap size). The last sentence is redundant, it just restates the conclusion from the prior sentence.
A4: gfd-schedulen180f7d50m30k18 | B4: branching_heavy | C4: weak_root_lp | D4: weak_root_lp (0.495), weak_root_lp (0.368) | E4: The SOLVER RUN of the Mixed-Integer Programming solver gfd-schedulen180f7d50m30k18 indicates a significant bottleneck in the weak_root_lp relaxation, which is characterized by a large optimality gap remaining at solver termination. This is likely due to the LP bound being far from the integer optimum, prompting the solver to terminate with a status of no_solution. To address this issue, I recommend increasing the presolve passes to 5, as this can help to strengthen the formulation and generate more valid inequalities, thereby reducing the optimality gap. Additionally, enabling more aggressive cut generation (cut_aggressiveness=2 or 3) may also be beneficial, as this can help to improve the solver's ability to find a solution. | F4: 2 | G4: 5 | H4: 3 | I4: 4 | J4: 4 | K4: The reccommendations do not match Rose input parameter names so a user wanting to action on this would need to perofrm a mapping. Correctly names the weak_root_lp label, but the causal explanation for no_solution is not well supported by the shown evidence. Recommendations are somewhat actionable. The conclusion that solver terminates because of the distance between the LP bound and integer optimum is not supported and likely incorrect. Terminology around the LP bound/integer optimum is imprecise.
A5: air05 (healthy) | B5: branching_heavy | C5: (none) | D5: healthy_solve (0.501), healthy_solve (0.423) | E5: The Mixed-Integer Programming solver run for problem air05 appears to be healthy, with no detected bottlenecks. The run was completed in 12 seconds, indicating efficient exploration and optimization. The solver also generated 3,672 cuts, which is a reasonable number considering the problem size. The dual bound was reduced from 2.588e+04 to 2.637e+04, which is a small improvement. However, the presolve variable reduction was only 15%, which is below the 10% threshold typically required for a healthy solver run. This suggests that the solver is not yet optimized for the problem, and a configuration change may be necessary to improve performance. Specifically, I recommend increasing the presolve reduction threshold to 20% or more to help the solver better handle the problem's complexity. | F5: 1 | G5: 3 | H5: 1 | I5: 2 | J5: 3 | K5: "below the 10% threshold typically required for a healthy solver run" is a hallucination, that threshold does not exist. "the dual bound was reduced from 2.588e+04 to 2.637e+04" is an increase, not a deduction. The conclusion, "the solver is not yet optimizaed for the problem" is not supported and factually incorrect.

Sheet Summary
A1: Live summary of rubric scores
A3: Per-diagnostic totals (max 25)
A4: diagnostic | B4: factual_accuracy | C4: completeness | D4: actionability | E4: terminology | F4: conciseness | G4: total | H4: mean
A5: unitcal_7 | B5: =Scoring!F3 -> 4 | C5: =Scoring!G3 -> 5 | D5: =Scoring!H3 -> 4 | E5: =Scoring!I3 -> 5 | F5: =Scoring!J3 -> 3 | G5: =SUM(Scoring!F3,Scoring!G3,Scoring!H3,Scoring!I3,Scoring!J3) -> 21 | H5: =AVERAGE(Scoring!F3,Scoring!G3,Scoring!H3,Scoring!I3,Scoring!J3) -> 4.2
A6: gfd-schedulen180f7d50m30k18 | B6: =Scoring!F4 -> 2 | C6: =Scoring!G4 -> 5 | D6: =Scoring!H4 -> 3 | E6: =Scoring!I4 -> 4 | F6: =Scoring!J4 -> 4 | G6: =SUM(Scoring!F4,Scoring!G4,Scoring!H4,Scoring!I4,Scoring!J4) -> 18 | H6: =AVERAGE(Scoring!F4,Scoring!G4,Scoring!H4,Scoring!I4,Scoring!J4) -> 3.6
A7: air05 (healthy) | B7: =Scoring!F5 -> 1 | C7: =Scoring!G5 -> 3 | D7: =Scoring!H5 -> 1 | E7: =Scoring!I5 -> 2 | F7: =Scoring!J5 -> 3 | G7: =SUM(Scoring!F5,Scoring!G5,Scoring!H5,Scoring!I5,Scoring!J5) -> 10 | H7: =AVERAGE(Scoring!F5,Scoring!G5,Scoring!H5,Scoring!I5,Scoring!J5) -> 2
A10: Per-criterion mean across diagnostics
A11: criterion | B11: mean
A12: Factual Accuracy | B12: =AVERAGE(Scoring!F3:F5) -> 2.3333333
A13: Completeness | B13: =AVERAGE(Scoring!G3:G5) -> 4.3333333
A14: Actionability | B14: =AVERAGE(Scoring!H3:H5) -> 2.6666667
A15: Terminology Correctness | B15: =AVERAGE(Scoring!I3:I5) -> 3.6666667
A16: Conciseness | B16: =AVERAGE(Scoring!J3:J5) -> 3.3333333
A18: Overall mean (all scores) | B18: =AVERAGE(Scoring!F3:J5) -> 3.2666667
